Workbook

Sheet regions
A1: region | B1: pe | C1: pbv | D1: ps | E1: pebitda | F1: roe | G1: roa | H1: roc | I1: om | J1: pm | K1: dy | L1: em | M1: nde | N1: tdte | O1: tdta | P1: eps12m
A2: US | B2: =VLOOKUP(DATE!$B$1,[1]PE!$A:$S,14,FALSE) -> 0.03027482 | C2: =VLOOKUP(DATE!$B$1,[1]PBV!$A:$S,14,FALSE) -> 0.0049950598 | D2: =VLOOKUP(DATE!$B$1,[1]PS!$A:$S,14,FALSE) -> 0.030513638 | E2: =VLOOKUP(DATE!$B$1,[1]PEBTDA!$A:$S,14,FALSE) -> 0.025109063 | F2: =VLOOKUP(DATE!$B$1,[1]ROE!$A:$S,14,FALSE) -> 0.0045100019 | G2: =VLOOKUP(DATE!$B$1,[1]ROA!$A:$S,14,FALSE) -> 0.0010162709 | H2: =VLOOKUP(DATE!$B$1,[1]ROC!$A:$S,14,FALSE) -> 0.0029160746 | I2: =VLOOKUP(DATE!$B$1,[1]OM!$A:$S,14,FALSE) -> 0.0050047332 | J2: =VLOOKUP(DATE!$B$1,[1]PM!$A:$S,14,FALSE) -> 0.0041704548 | K2: =VLOOKUP(DATE!$B$1,[1]DY!$A:$S,14,FALSE) -> -0.00026942037 | L2: =VLOOKUP(DATE!$B$1,[1]EM!$A:$S,14,FALSE) -> 0.0021527746 | M2: =VLOOKUP(DATE!$B$1,[1]NDE!$A:$S,14,FALSE) -> -0.00226465 | N2: =VLOOKUP(DATE!$B$1,[1]TDTE!$A:$S,14,FALSE) -> -0.018921634 | O2: =VLOOKUP(DATE!$B$1,[1]TDTA!$A:$S,14,FALSE) -> -0.018644495 | P2: =VLOOKUP(DATE!$B$1,'[1]EPS12m '!$A:$S,2,FALSE) -> 14.944919
A3: EMU | B3: =VLOOKUP(DATE!$B$1,[1]PE!$A:$S,15,FALSE) -> 0.083328118 | C3: =VLOOKUP(DATE!$B$1,[1]PBV!$A:$S,15,FALSE) -> 0.060856108 | D3: =VLOOKUP(DATE!$B$1,[1]PS!$A:$S,15,FALSE) -> 0.058851766 | E3: =VLOOKUP(DATE!$B$1,[1]PEBTDA!$A:$S,15,FALSE) -> 0.04682603 | F3: =VLOOKUP(DATE!$B$1,[1]ROE!$A:$S,15,FALSE) -> 0.0025642837 | G3: =VLOOKUP(DATE!$B$1,[1]ROA!$A:$S,15,FALSE) -> 0.00010799134 | H3: =VLOOKUP(DATE!$B$1,[1]ROC!$A:$S,15,FALSE) -> 0.0001218661 | I3: =VLOOKUP(DATE!$B$1,[1]OM!$A:$S,15,FALSE) -> 0.0018305307 | J3: =VLOOKUP(DATE!$B$1,[1]PM!$A:$S,15,FALSE) -> -0.0019666035 | K3: =VLOOKUP(DATE!$B$1,[1]DY!$A:$S,15,FALSE) -> -0.0021663058 | L3: =VLOOKUP(DATE!$B$1,[1]EM!$A:$S,15,FALSE) -> 0.004233179 | M3: =VLOOKUP(DATE!$B$1,[1]NDE!$A:$S,15,FALSE) -> 0.10584749 | N3: =VLOOKUP(DATE!$B$1,[1]TDTE!$A:$S,15,FALSE) -> 0.031737771 | O3: =VLOOKUP(DATE!$B$1,[1]TDTA!$A:$S,15,FALSE) -> 0.015031138 | P3: =VLOOKUP(DATE!$B$1,'[1]EPS12m '!$A:$S,3,FALSE) -> 13.885059
A4: UK | B4: =VLOOKUP(DATE!$B$1,[1]PE!$A:$S,16,FALSE) -> 0.061313249 | C4: =VLOOKUP(DATE!$B$1,[1]PBV!$A:$S,16,FALSE) -> 0.07781793 | D4: =VLOOKUP(DATE!$B$1,[1]PS!$A:$S,16,FALSE) -> 0.096763721 | E4: =VLOOKUP(DATE!$B$1,[1]PEBTDA!$A:$S,16,FALSE) -> 0.083880168 | F4: =VLOOKUP(DATE!$B$1,[1]ROE!$A:$S,16,FALSE) -> 0.0013515994 | G4: =VLOOKUP(DATE!$B$1,[1]ROA!$A:$S,16,FALSE) -> -8.4954048e-05 | H4: =VLOOKUP(DATE!$B$1,[1]ROC!$A:$S,16,FALSE) -> 0.00011767994 | I4: =VLOOKUP(DATE!$B$1,[1]OM!$A:$S,16,FALSE) -> 0.0028700978 | J4: =VLOOKUP(DATE!$B$1,[1]PM!$A:$S,16,FALSE) -> 0.0016397188 | K4: =VLOOKUP(DATE!$B$1,[1]DY!$A:$S,16,FALSE) -> -0.0026208071 | L4: =VLOOKUP(DATE!$B$1,[1]EM!$A:$S,16,FALSE) -> 0.0047078964 | M4: =VLOOKUP(DATE!$B$1,[1]NDE!$A:$S,16,FALSE) -> -0.105055 | N4: =VLOOKUP(DATE!$B$1,[1]TDTE!$A:$S,16,FALSE) -> 0.012613421 | O4: =VLOOKUP(DATE!$B$1,[1]TDTA!$A:$S,16,FALSE) -> -0.0083661155 | P4: =VLOOKUP(DATE!$B$1,'[1]EPS12m '!$A:$S,4,FALSE) -> 9.8411754
A5: Japan | B5: =VLOOKUP(DATE!$B$1,[1]PE!$A:$S,17,FALSE) -> 0.083775582 | C5: =VLOOKUP(DATE!$B$1,[1]PBV!$A:$S,17,FALSE) -> 0.070761661 | D5: =VLOOKUP(DATE!$B$1,[1]PS!$A:$S,17,FALSE) -> 0.080234597 | E5: =VLOOKUP(DATE!$B$1,[1]PEBTDA!$A:$S,17,FALSE) -> 0.087639027 | F5: =VLOOKUP(DATE!$B$1,[1]ROE!$A:$S,17,FALSE) -> -0.00034864123 | G5: =VLOOKUP(DATE!$B$1,[1]ROA!$A:$S,17,FALSE) -> -6.4574624e-05 | H5: =VLOOKUP(DATE!$B$1,[1]ROC!$A:$S,17,FALSE) -> 7.8117618e-05 | I5: =VLOOKUP(DATE!$B$1,[1]OM!$A:$S,17,FALSE) -> -0.00019900258 | J5: =VLOOKUP(DATE!$B$1,[1]PM!$A:$S,17,FALSE) -> 0.00052625786 | K5: =VLOOKUP(DATE!$B$1,[1]DY!$A:$S,17,FALSE) -> -0.0010301405 | L5: =VLOOKUP(DATE!$B$1,[1]EM!$A:$S,17,FALSE) -> -0.00033806926 | M5: =VLOOKUP(DATE!$B$1,[1]NDE!$A:$S,17,FALSE) -> -0.14678036 | N5: =VLOOKUP(DATE!$B$1,[1]TDTE!$A:$S,17,FALSE) -> -0.0034696863 | O5: =VLOOKUP(DATE!$B$1,[1]TDTA!$A:$S,17,FALSE) -> -0.0081164447 | P5: =VLOOKUP(DATE!$B$1,'[1]EPS12m '!$A:$S,5,FALSE) -> 9.4843617
A6: Pacific | B6: =VLOOKUP(DATE!$B$1,[1]PE!$A:$S,18,FALSE) -> 0.04503422 | C6: =VLOOKUP(DATE!$B$1,[1]PBV!$A:$S,18,FALSE) -> 0.023282654 | D6: =VLOOKUP(DATE!$B$1,[1]PS!$A:$S,18,FALSE) -> 0.042671677 | E6: =VLOOKUP(DATE!$B$1,[1]PEBTDA!$A:$S,18,FALSE) -> 0.051685337 | F6: =VLOOKUP(DATE!$B$1,[1]ROE!$A:$S,18,FALSE) -> 0.0025400522 | G6: =VLOOKUP(DATE!$B$1,[1]ROA!$A:$S,18,FALSE) -> 0.00028632157 | H6: =VLOOKUP(DATE!$B$1,[1]ROC!$A:$S,18,FALSE) -> 0.00027086795 | I6: =VLOOKUP(DATE!$B$1,[1]OM!$A:$S,18,FALSE) -> 0.0016466075 | J6: =VLOOKUP(DATE!$B$1,[1]PM!$A:$S,18,FALSE) -> 0.00049622987 | K6: =VLOOKUP(DATE!$B$1,[1]DY!$A:$S,18,FALSE) -> 1.5965399e-05 | L6: =VLOOKUP(DATE!$B$1,[1]EM!$A:$S,18,FALSE) -> 0.0031348714 | M6: =VLOOKUP(DATE!$B$1,[1]NDE!$A:$S,18,FALSE) -> 0.059596206 | N6: =VLOOKUP(DATE!$B$1,[1]TDTE!$A:$S,18,FALSE) -> 0.024219431 | O6: =VLOOKUP(DATE!$B$1,[1]TDTA!$A:$S,18,FALSE) -> 0.019275391 | P6: =VLOOKUP(DATE!$B$1,'[1]EPS12m '!$A:$S,6,FALSE) -> 6.9397996
A7: GEM | B7: =VLOOKUP(DATE!$B$1,[1]PE!$A:$S,19,FALSE) -> 0.090713114 | C7: =VLOOKUP(DATE!$B$1,[1]PBV!$A:$S,19,FALSE) -> 0.079792646 | D7: =VLOOKUP(DATE!$B$1,[1]PS!$A:$S,19,FALSE) -> 0.078857604 | E7: =VLOOKUP(DATE!$B$1,[1]PEBTDA!$A:$S,19,FALSE) -> 0.1004003 | F7: =VLOOKUP(DATE!$B$1,[1]ROE!$A:$S,19,FALSE) -> 0.0070409945 | G7: =VLOOKUP(DATE!$B$1,[1]ROA!$A:$S,19,FALSE) -> 0.001293594 | H7: =VLOOKUP(DATE!$B$1,[1]ROC!$A:$S,19,FALSE) -> 0.0023653207 | I7: =VLOOKUP(DATE!$B$1,[1]OM!$A:$S,19,FALSE) -> 0.0028217296 | J7: =VLOOKUP(DATE!$B$1,[1]PM!$A:$S,19,FALSE) -> 0.0038238114 | K7: =VLOOKUP(DATE!$B$1,[1]DY!$A:$S,19,FALSE) -> -0.0013820539 | L7: =VLOOKUP(DATE!$B$1,[1]EM!$A:$S,19,FALSE) -> -0.0013228853 | M7: =VLOOKUP(DATE!$B$1,[1]NDE!$A:$S,19,FALSE) -> 0.057457298 | N7: =VLOOKUP(DATE!$B$1,[1]TDTE!$A:$S,19,FALSE) -> 0.025499242 | O7: =VLOOKUP(DATE!$B$1,[1]TDTA!$A:$S,19,FALSE) -> 0.029351411 | P7: =VLOOKUP(DATE!$B$1,'[1]EPS12m '!$A:$S,7,FALSE) -> 17.656686

Sheet globals
A1: surprise_US | B1: surprise_EURO | C1: surprise_JAP | D1: surprise_PAC | E1: surprise_GEM | F1: surprise_UK | G1: surprise_CHINA | H1: surprise_AUS | I1: world_trade | J1: prob_inflation | K1: prob_risk_off | L1: EPU_global | M1: EPU_US | N1: EPU_Europe | O1: EPU_UK | P1: EPU_JAP | Q1: EPU_Australia | R1: EPU_China
A2: =VLOOKUP(DATE!$B$1,'[1]Control variables'!$AD:$AI,2,FALSE) -> 10.5 | B2: =VLOOKUP(DATE!$B$1,'[1]Control variables'!$AD:$AI,3,FALSE) -> 55.4 | C2: =VLOOKUP(DATE!$B$1,'[1]Control variables'!$AD:$AI,4,FALSE) -> 92 | D2: =VLOOKUP(DATE!$B$1,'[1]Control variables'!$AD:$AI,5,FALSE) -> 76 | E2: =VLOOKUP(DATE!$B$1,'[1]Control variables'!$AD:$AI,6,FALSE) -> 55.1 | F2: =VLOOKUP(DATE!$B$1,[2]othervariables!$DH:$DP,9,FALSE) -> -70.1 | G2: =VLOOKUP(DATE!$B$1,[2]othervariables!DH:DQ,10,FALSE) -> 0 | H2: =VLOOKUP(DATE!$B$1,[2]othervariables!$DH:$DR,11,FALSE) -> -14.9 | I2: =VLOOKUP(DATE!$B$1,'[1]Control variables'!$A:$C,3,FALSE) -> -0.0045207957 | J2: =VLOOKUP(DATE!B1,[3]Official_probabilities_series!$B:$AK,36,FALSE) -> 0.45533809 | K2: 0.19 | L2: =VLOOKUP(DATE!$B$1,[2]EPU!$AE:$AL,2,FALSE) -> 455.57 | M2: =VLOOKUP(DATE!$B$1,[2]EPU!$AE:$AL,3,FALSE) -> 189.9 | N2: =VLOOKUP(DATE!$B$1,[2]EPU!$AE:$AL,4,FALSE) -> 254.55 | O2: =VLOOKUP(DATE!$B$1,[2]EPU!$AE:$AL,5,FALSE) -> 305.41 | P2: =VLOOKUP(DATE!$B$1,[2]EPU!$AE:$AL,6,FALSE) -> 135.36965 | Q2: =VLOOKUP(DATE!$B$1,[2]EPU!$AE:$AL,7,FALSE) -> 224.72 | R2: =VLOOKUP(DATE!$B$1,[2]EPU!$AE:$AL,8,FALSE) -> 618.4

Sheet README
A1: How to use this template:
A2: - Type the date in the sheet DATE
A3: - Edit the 'regions' sheet to change region feature rows (5 rows expected: US, Europe, Japan, Pacific, Gem).
A4: - Map this file to the most recent AIP data (for the risk off part)
A5: - Edit the 'globals' sheet to change global feature values. Keep one row only.
A6: - Save the file and (re)load it in the Gradio app by pressing the 'Load Excel' button (if provided).
A7: - Column names must match exactly the headers in the 'regions' and 'globals' sheets.

Sheet DATE
A1: date | B1: 46022
