Workbook

Sheet regions
A1: region | B1: pe | C1: pbv | D1: ps | E1: pebitda | F1: roe | G1: roa | H1: roc | I1: om | J1: pm | K1: dy | L1: em | M1: nde | N1: tdte | O1: tdta | P1: eps12m
A2: US | B2: =VLOOKUP(DATE!$B$1,[1]PE!$A:$S,14,FALSE) -> -0.12374623 | C2: =VLOOKUP(DATE!$B$1,[1]PBV!$A:$S,14,FALSE) -> -0.026950008 | D2: =VLOOKUP(DATE!$B$1,[1]PS!$A:$S,14,FALSE) -> -0.006706453 | E2: =VLOOKUP(DATE!$B$1,[1]PEBTDA!$A:$S,14,FALSE) -> -0.026499864 | F2: =VLOOKUP(DATE!$B$1,[1]ROE!$A:$S,14,FALSE) -> 0.0032091068 | G2: =VLOOKUP(DATE!$B$1,[1]ROA!$A:$S,14,FALSE) -> 0.0012336649 | H2: =VLOOKUP(DATE!$B$1,[1]ROC!$A:$S,14,FALSE) -> 0.0035207928 | I2: =VLOOKUP(DATE!$B$1,[1]OM!$A:$S,14,FALSE) -> 0.0053373299 | J2: =VLOOKUP(DATE!$B$1,[1]PM!$A:$S,14,FALSE) -> 0.003438419 | K2: =VLOOKUP(DATE!$B$1,[1]DY!$A:$S,14,FALSE) -> 0.00012626466 | L2: =VLOOKUP(DATE!$B$1,[1]EM!$A:$S,14,FALSE) -> 0.0052268841 | M2: =VLOOKUP(DATE!$B$1,[1]NDE!$A:$S,14,FALSE) -> -0.0039429112 | N2: =VLOOKUP(DATE!$B$1,[1]TDTE!$A:$S,14,FALSE) -> -0.031702532 | O2: =VLOOKUP(DATE!$B$1,[1]TDTA!$A:$S,14,FALSE) -> -0.025360553 | P2: =VLOOKUP(DATE!$B$1,'[1]EPS12m '!$A:$S,2,FALSE) -> 15.462187
A3: EMU | B3: =VLOOKUP(DATE!$B$1,[1]PE!$A:$S,15,FALSE) -> -0.00033825709 | C3: =VLOOKUP(DATE!$B$1,[1]PBV!$A:$S,15,FALSE) -> 0.058113381 | D3: =VLOOKUP(DATE!$B$1,[1]PS!$A:$S,15,FALSE) -> 0.08176499 | E3: =VLOOKUP(DATE!$B$1,[1]PEBTDA!$A:$S,15,FALSE) -> 0.077923406 | F3: =VLOOKUP(DATE!$B$1,[1]ROE!$A:$S,15,FALSE) -> -0.0015323031 | G3: =VLOOKUP(DATE!$B$1,[1]ROA!$A:$S,15,FALSE) -> -0.00065804741 | H3: =VLOOKUP(DATE!$B$1,[1]ROC!$A:$S,15,FALSE) -> 0.00060090049 | I3: =VLOOKUP(DATE!$B$1,[1]OM!$A:$S,15,FALSE) -> -0.0012870244 | J3: =VLOOKUP(DATE!$B$1,[1]PM!$A:$S,15,FALSE) -> -0.0014234681 | K3: =VLOOKUP(DATE!$B$1,[1]DY!$A:$S,15,FALSE) -> -0.0028647325 | L3: =VLOOKUP(DATE!$B$1,[1]EM!$A:$S,15,FALSE) -> -0.00060834025 | M3: =VLOOKUP(DATE!$B$1,[1]NDE!$A:$S,15,FALSE) -> -0.028315034 | N3: =VLOOKUP(DATE!$B$1,[1]TDTE!$A:$S,15,FALSE) -> 0.052803549 | O3: =VLOOKUP(DATE!$B$1,[1]TDTA!$A:$S,15,FALSE) -> 5.7471662e-05 | P3: =VLOOKUP(DATE!$B$1,'[1]EPS12m '!$A:$S,3,FALSE) -> 14.251651
A4: UK | B4: =VLOOKUP(DATE!$B$1,[1]PE!$A:$S,16,FALSE) -> 0.14271193 | C4: =VLOOKUP(DATE!$B$1,[1]PBV!$A:$S,16,FALSE) -> 0.11710861 | D4: =VLOOKUP(DATE!$B$1,[1]PS!$A:$S,16,FALSE) -> 0.12441991 | E4: =VLOOKUP(DATE!$B$1,[1]PEBTDA!$A:$S,16,FALSE) -> 0.065488442 | F4: =VLOOKUP(DATE!$B$1,[1]ROE!$A:$S,16,FALSE) -> 0.0096782796 | G4: =VLOOKUP(DATE!$B$1,[1]ROA!$A:$S,16,FALSE) -> 0.00086086182 | H4: =VLOOKUP(DATE!$B$1,[1]ROC!$A:$S,16,FALSE) -> 0.0026240627 | I4: =VLOOKUP(DATE!$B$1,[1]OM!$A:$S,16,FALSE) -> 0.0077859862 | J4: =VLOOKUP(DATE!$B$1,[1]PM!$A:$S,16,FALSE) -> 0.0017744065 | K4: =VLOOKUP(DATE!$B$1,[1]DY!$A:$S,16,FALSE) -> -0.0081074822 | L4: =VLOOKUP(DATE!$B$1,[1]EM!$A:$S,16,FALSE) -> 0.011991466 | M4: =VLOOKUP(DATE!$B$1,[1]NDE!$A:$S,16,FALSE) -> 0.025398342 | N4: =VLOOKUP(DATE!$B$1,[1]TDTE!$A:$S,16,FALSE) -> 0.025428368 | O4: =VLOOKUP(DATE!$B$1,[1]TDTA!$A:$S,16,FALSE) -> 0.01373174 | P4: =VLOOKUP(DATE!$B$1,'[1]EPS12m '!$A:$S,4,FALSE) -> 10.539317
A5: Japan | B5: =VLOOKUP(DATE!$B$1,[1]PE!$A:$S,17,FALSE) -> 0.082783543 | C5: =VLOOKUP(DATE!$B$1,[1]PBV!$A:$S,17,FALSE) -> 0.13555835 | D5: =VLOOKUP(DATE!$B$1,[1]PS!$A:$S,17,FALSE) -> 0.17368663 | E5: =VLOOKUP(DATE!$B$1,[1]PEBTDA!$A:$S,17,FALSE) -> 0.1699856 | F5: =VLOOKUP(DATE!$B$1,[1]ROE!$A:$S,17,FALSE) -> -0.004827011 | G5: =VLOOKUP(DATE!$B$1,[1]ROA!$A:$S,17,FALSE) -> -0.00083254089 | H5: =VLOOKUP(DATE!$B$1,[1]ROC!$A:$S,17,FALSE) -> -0.0022509057 | I5: =VLOOKUP(DATE!$B$1,[1]OM!$A:$S,17,FALSE) -> 0.0011958824 | J5: =VLOOKUP(DATE!$B$1,[1]PM!$A:$S,17,FALSE) -> 0.00023686527 | K5: =VLOOKUP(DATE!$B$1,[1]DY!$A:$S,17,FALSE) -> -0.0031680396 | L5: =VLOOKUP(DATE!$B$1,[1]EM!$A:$S,17,FALSE) -> 0.00080242928 | M5: =VLOOKUP(DATE!$B$1,[1]NDE!$A:$S,17,FALSE) -> -1.2396729 | N5: =VLOOKUP(DATE!$B$1,[1]TDTE!$A:$S,17,FALSE) -> 0.017328515 | O5: =VLOOKUP(DATE!$B$1,[1]TDTA!$A:$S,17,FALSE) -> 0.01137775 | P5: =VLOOKUP(DATE!$B$1,'[1]EPS12m '!$A:$S,5,FALSE) -> 11.309331
A6: Pacific | B6: =VLOOKUP(DATE!$B$1,[1]PE!$A:$S,18,FALSE) -> 0.14227391 | C6: =VLOOKUP(DATE!$B$1,[1]PBV!$A:$S,18,FALSE) -> 0.10245455 | D6: =VLOOKUP(DATE!$B$1,[1]PS!$A:$S,18,FALSE) -> 0.11885926 | E6: =VLOOKUP(DATE!$B$1,[1]PEBTDA!$A:$S,18,FALSE) -> 0.088236651 | F6: =VLOOKUP(DATE!$B$1,[1]ROE!$A:$S,18,FALSE) -> 0.002573046 | G6: =VLOOKUP(DATE!$B$1,[1]ROA!$A:$S,18,FALSE) -> 0.0002651432 | H6: =VLOOKUP(DATE!$B$1,[1]ROC!$A:$S,18,FALSE) -> 0.00038774906 | I6: =VLOOKUP(DATE!$B$1,[1]OM!$A:$S,18,FALSE) -> 0.002307392 | J6: =VLOOKUP(DATE!$B$1,[1]PM!$A:$S,18,FALSE) -> -0.0015614263 | K6: =VLOOKUP(DATE!$B$1,[1]DY!$A:$S,18,FALSE) -> -0.0028387119 | L6: =VLOOKUP(DATE!$B$1,[1]EM!$A:$S,18,FALSE) -> 0.013749132 | M6: =VLOOKUP(DATE!$B$1,[1]NDE!$A:$S,18,FALSE) -> -0.0021675854 | N6: =VLOOKUP(DATE!$B$1,[1]TDTE!$A:$S,18,FALSE) -> 0.023305645 | O6: =VLOOKUP(DATE!$B$1,[1]TDTA!$A:$S,18,FALSE) -> 0.015869682 | P6: =VLOOKUP(DATE!$B$1,'[1]EPS12m '!$A:$S,6,FALSE) -> 8.2155763
A7: GEM | B7: =VLOOKUP(DATE!$B$1,[1]PE!$A:$S,19,FALSE) -> 0.18084278 | C7: =VLOOKUP(DATE!$B$1,[1]PBV!$A:$S,19,FALSE) -> 0.16806645 | D7: =VLOOKUP(DATE!$B$1,[1]PS!$A:$S,19,FALSE) -> 0.16916985 | E7: =VLOOKUP(DATE!$B$1,[1]PEBTDA!$A:$S,19,FALSE) -> 0.18675106 | F7: =VLOOKUP(DATE!$B$1,[1]ROE!$A:$S,19,FALSE) -> 0.0041514871 | G7: =VLOOKUP(DATE!$B$1,[1]ROA!$A:$S,19,FALSE) -> 0.0007857161 | H7: =VLOOKUP(DATE!$B$1,[1]ROC!$A:$S,19,FALSE) -> 0.0012297884 | I7: =VLOOKUP(DATE!$B$1,[1]OM!$A:$S,19,FALSE) -> 0.0016853202 | J7: =VLOOKUP(DATE!$B$1,[1]PM!$A:$S,19,FALSE) -> 0.0022896396 | K7: =VLOOKUP(DATE!$B$1,[1]DY!$A:$S,19,FALSE) -> -0.0028843136 | L7: =VLOOKUP(DATE!$B$1,[1]EM!$A:$S,19,FALSE) -> -0.0012666096 | M7: =VLOOKUP(DATE!$B$1,[1]NDE!$A:$S,19,FALSE) -> 0.03740278 | N7: =VLOOKUP(DATE!$B$1,[1]TDTE!$A:$S,19,FALSE) -> 0.019678725 | O7: =VLOOKUP(DATE!$B$1,[1]TDTA!$A:$S,19,FALSE) -> 0.022560331 | P7: =VLOOKUP(DATE!$B$1,'[1]EPS12m '!$A:$S,7,FALSE) -> 30.493944

Sheet globals
A1: surprise_US | B1: surprise_EURO | C1: surprise_JAP | D1: surprise_PAC | E1: surprise_GEM | F1: surprise_UK | G1: surprise_CHINA | H1: surprise_AUS | I1: world_trade | J1: prob_inflation | K1: prob_risk_off | L1: EPU_global | M1: EPU_US | N1: EPU_Europe | O1: EPU_UK | P1: EPU_JAP | Q1: EPU_Australia | R1: EPU_China
A2: =IFERROR(VLOOKUP(DATE!$B$1,'[1]Control variables'!$AD:$AI,2,FALSE),VLOOKUP(DATE!$B$1-1,'[1]Control variables'!$AD:$AI,2,FALSE)) -> 54.5 | B2: =IFERROR(VLOOKUP(DATE!$B$1,'[1]Control variables'!$AD:$AI,3,FALSE),VLOOKUP(DATE!$B$1-1,'[1]Control variables'!$AD:$AI,3,FALSE)) -> 21.9 | C2: =IFERROR(VLOOKUP(DATE!$B$1,'[1]Control variables'!$AD:$AI,4,FALSE),VLOOKUP(DATE!$B$1-1,'[1]Control variables'!$AD:$AI,4,FALSE)) -> -31.5 | D2: =IFERROR(VLOOKUP(DATE!$B$1,'[1]Control variables'!$AD:$AI,5,FALSE),VLOOKUP(DATE!$B$1-1,'[1]Control variables'!$AD:$AI,5,FALSE)) -> 57.3 | E2: =IFERROR(VLOOKUP(DATE!$B$1,'[1]Control variables'!$AD:$AI,6,FALSE),VLOOKUP(DATE!$B$1-1,'[1]Control variables'!$AD:$AI,6,FALSE)) -> 41.2 | F2: =IFERROR(VLOOKUP(DATE!$B$1,[2]othervariables!$DH:$DP,9,FALSE),VLOOKUP(DATE!$B$1-1,[2]othervariables!$DH:$DP,9,FALSE)) -> 63.3 | G2: =VLOOKUP(DATE!$B$1,[2]othervariables!DH:DQ,10,FALSE) -> 9.1 | H2: =VLOOKUP(DATE!$B$1,[2]othervariables!$DH:$DR,11,FALSE) -> 11.4 | I2: =VLOOKUP(DATE!$B$1,'[1]Control variables'!$A:$C,3,FALSE) -> 0.012 | J2: =VLOOKUP(DATE!B1,[3]Official_probabilities_series!$B:$AK,36,FALSE) -> 0.42529548 | K2: =VLOOKUP(DATE!$B$1,'[4]rebased probabilities'!A:R,18,FALSE) -> 0.3170537 | L2: =VLOOKUP(DATE!$B$1,[2]EPU!$AE:$AL,2,FALSE) -> 205.0358 | M2: =VLOOKUP(DATE!$B$1,[2]EPU!$AE:$AL,3,FALSE) -> 165.61 | N2: =VLOOKUP(DATE!$B$1,[2]EPU!$AE:$AL,4,FALSE) -> 373.37 | O2: =VLOOKUP(DATE!$B$1,[2]EPU!$AE:$AL,5,FALSE) -> 202.74 | P2: =VLOOKUP(DATE!$B$1,[2]EPU!$AE:$AL,6,FALSE) -> 170.8 | Q2: =VLOOKUP(DATE!$B$1,[2]EPU!$AE:$AL,7,FALSE) -> 210.24 | R2: =VLOOKUP(DATE!$B$1,[2]EPU!$AE:$AL,8,FALSE) -> 229.2

Sheet README
A1: How to use this template:
A2: - Type the date in the sheet DATE
A3: - Edit the 'regions' sheet to change region feature rows (5 rows expected: US, Europe, Japan, Pacific, Gem).
A4: - Map this file to the most recent AIP data (for the risk off part)
A5: - Edit the 'globals' sheet to change global feature values. Keep one row only.
A6: - Save the file and (re)load it in the Gradio app by pressing the 'Load Excel' button (if provided).
A7: - Column names must match exactly the headers in the 'regions' and 'globals' sheets.

Sheet DATE
A1: date | B1: 46081
